Transaction ID,Item,n_items
10rDi2lqVq4Sfy54dXJNSEleV,Curry chicken,1
12gTflM5I5Ka9Yi60BuDQG2eV,Custom Amount,1
142veoIg5MkErIYhXL9iz60eV,Custom Amount,1
16GjwGIjlQ3fbibgDcOOZRzeV,Custom Amount,1
18d6EFWHuNDe3iadtx6C7MqeV,Custom Amount,1
18p2HjrFRKC8gDPTH7u1BS5eV,Custom Amount,1
1A6VtovKGA5vEgpGE3s57azeV,"Oxtail,Curry Chicken",2
1ArAyKli27Frcjh48iVyJCreV,Custom Amount,1
1E3LfbhNKbA8Vz6qR7Uu2z4eV,Custom Amount,1
1EfREhxZ136WR582WypFX6ieV,Chicken Fajitas,1
1G8fe2r1mAWWOAh81lxrUJjeV,'Nana Pudding,1
1GEbATA9HOAWp20X6v0fgGxeV,"BBQ Chicken,Chicken Fajitas",2
1GgJSC1Mn4EIBZgpu5jpsHmeV,Custom Amount,1
1I7iCdkL5bW3MK588sJRxPneV,Chicken Fajitas,1
1I974GG9zFS4SpHh6Wnx9fgeV,Custom Amount,1
1KIm7y2rzcElSPApg2uJfQmeV,BBQ Chicken,1
1MxgYvA34nRTH7Of1xb1uGzeV,Wings,1
1MzT1rbmjNvuQrQxEnkOAgAfV,Chicken Fajitas,1
1MzVc2ZNqcECG40pD2LXmPoeV,"Oxtail,Jerk Chicken,Seared Blackened Chicken Breast",3
1OkJqAWS6u3kGqoAvSW72tqeV,Jerk Chicken,1
1OnsZLmPILRRUQEpgPM2wXseV,Custom Amount,1
1Ou2e2PhNL4itKmqTv2cGKmeV,Custom Amount,1
1QtV6ovho8nroJPrlWZzvSreV,Chicken Fajitas,1
1QxbiLVokdqus2pr4vO4cK8eV,"Custom Amount,Custom Amount",2
1S0yBhtS67sc1ydLv7MLvEweV,Wing Meal,1
1WkZr6NuIuFAx79mBp4sy7qeV,Custom Amount,1
1Y9NpBgoX3mWj9yZOTd1h92eV,"BBQ Chicken,BBQ Chicken,Home Squeezed Lemonade,Baked Mac,CORNBREAD CASSEROLE ,Oreo Cheesecake Brownie,'Nana Pudding,Water,Set up Fee,Cabbage",10
1YphK03l9j28BcTZjWqsNureV,BBQ Chicken,1
1YrsHGYuT0dHws3DSyGuFN1eV,"Custom Amount,Custom Amount",2
1c9i0VgNEdLzFpPuNyzP4U7eV,Jerk Chicken,1
1cJm73BCp4BPG0Q2h3WBJO0eV,Custom Amount,1
1cRqHh9rPga50BwEzvd59A0eV,"BBQ Chicken,Baked Mac",2
1e4Lax204MWNFM1NMKGVQJkeV,Chicken Fajitas,1
1g1Zwmp1GVBclIqvXKN0aRweV,Short Ribs,1
1gJT8khkPkMm2wZaS20Fw15eV,Curry chicken,1
1gfI7Z9GeovWU1h0qdaT0M1eV,Custom Amount,1
1kW6jXBGu9AoVB5LReWBLgyeV,4 Item Warm Bar,1
1o5NEVunao43mZpnzzeuexyeV,Custom Amount,1
1olDAPqcPU8xbrnV97uJr6eeV,"Pan Curry (Mixed),Rice & Peas,Cabbage,Baked Mac",4
1uEx0XVxcB6yyXM9sPq1A2keV,Chicken Fajitas,1
1w9toVFnRgjakW9VJlkF8LpeV,Custom Amount,1
1y9qPllf9GFk219KtbPcI7veV,Leg Quarter,1
33uqhkWwyL4lk5n5P7Q9vL6eV,Custom Amount,1
35XkgGKOhsdoGBtuyHoKf61eV,Custom Amount,1
35h5uhSCdxZ181pxQ5XZpcueV,Custom Amount,1
3BjggQIUFvCOKAcEp4QP7SAfV,Custom Amount,1
3Br2zFk4qi1DAsGnOuX8Q0veV,Curry chicken,1
3DmHDOLroca8LUmHAHKRaRieV,Short Ribs,1
3DocLj2THKAmWvMzdovdxM9eV,BBQ Chicken,1
3H0fGFm0YlmeiNHQqQnXg51eV,Wing Meal,1
3HkvAoeBMsJU3r3tj2eOmdleV,"BBQ Chicken,Custom Amount",2
3HsFxocRoD0n86kThKFxrX5eV,Curry chicken,1
3JVtfAZv21tN7sLKw7issuyeV,BBQ Chicken,1
3NRWtSWaTGo0WnjSFdYYC91eV,Custom Amount,1
3NXPqb8LAXpgcCWGY9s7CNyeV,Wing Meal,1
3NnfS14PoxQI3rzsBb4kT19eV,"Custom Amount,Custom Amount",2
3PBjI4xDF44OELKhatgKVN0eV,Custom Amount,1
3T6dJdZSY83OX4QTQQZ87E5eV,Custom Amount,1
3TaTgJW0kQ1jmUGz9FQ9FlreV,Custom Amount,1
3X3si9TTAseFOYSVaN61v9teV,"BBQ Wings,Oxtail",2
3bo42OvCq8wpRgtlshfPgwteV,Chicken Fajitas,1
3buX2jFIi8P3Ul3ifIAwMI4eV,Custom Amount,1
3f4FNmkPRBgTdVxjdCPDpAleV,Custom Amount,1
3lVi73RflAAgFHrso50j50feV,"Custom Amount,Custom Amount",2
3lt8eZBQY3u7d0vlfwbZcpweV,"Oxtail,Pineapple Passion",2
3nAj3qdK4DKTHMjk4vpE59seV,Custom Amount,1
3nEpbHD4DsCDyl8cRrBW2o3eV,Custom Amount,1
3ncveO9O4LOeMzgFbUy1gKAfV,Wing Meal,1
3pjwnxE3MQ7zL1X7BbaUByneV,Custom Amount,1
3t9w3kiQ1pfwEUzz0UObAWteV,"Baked Mac,Pan BBQ Chicken,Pan BBQ Chicken,Pan BBQ Chicken,Jerk Chicken,Jerk Chicken,CORNBREAD CASSEROLE,Cabbage",8
3tkTb85ZoybQI65kTZbPh8peV,Custom Amount,1
3tx2NwEKsRkgxZS1x5dE0yveV,Custom Amount,1
3xNfnovvPMcZGduEzG0TcM7eV,Custom Amount,1
3zQSo6ewngi6iSGXwdACKFpeV,Chicken Fajitas,1
52nVuVEB8Nsp6k06BcTW2F4eV,Custom Amount,1
54KWCHEjU2RfnWL278B5UG2eV,Custom Amount,1
56v8szU34AEZlpYEaBs6ejpeV,Jerk Chicken,1
58U2Ql3L8odo8Ftd4OS8pWgeV,Custom Amount,1
5IWcstjvc3vHCkJ1sSp7myxeV,"Jerk Chicken,Banana Pudding,Char Deli",3
5MOxLcW7kw7ESLjjd8amV4heV,"Curry chicken,Custom Amount",2
5OemMPVgt2RFQjjIIOSwLugeV,Custom Amount,1
5Ortu2Q0xfxWsNMshW5MiRxeV,Custom Amount,1
5OvPeE3sLXtpaIblyCkKA0AfV,Custom Amount,1
5Q2E9zHsudc7flfbp3GoVHieV,Short Ribs,1
5WB6s8MWUsDjbIoHIDJ3goseV,"Ackee & Saltfish,Pineapple Stuffed Chicken Breast,Rum Punch,Red Stripe",4
5WDfABgdOZl59RlSf632hlieV,Custom Amount,1
5Wx6GHuzxUnKWSp2xmessq2eV,Wings,1
5YaC4N1FfTkLVn3gVgwTKj9eV,Custom Amount,1
5a7iGMDCGz7b6E7Mw2j5BtkeV,Chicken Fajitas,1
5avGB7bZ7CRTyM6HmOnz595eV,Custom Amount,1
5edWihJBidVbY5oDo1E5Ga7eV,Oxtail,1
5geWsSprRvqapEbFyDdP6hveV,"Jerk Chicken,Custom Amount,Custom Amount,Custom Amount",4
5kmdi4jHqWhx2Z7rpQig9XteV,Custom Amount,1
5m1avZJDDzE9N1eMUSnF3kzeV,Short Ribs,1
5m9wSyTXoeU6UPX3Xaw9QGjeV,Short Ribs,1
5mdIO0wqAVy0ShI7mAls7VreV,Curry chicken,1
5mrLcQsL11ZSaSlBohOFVc4eV,Custom Amount,1
5o0b0vNhpu3xawwka24C2e0eV,"Custom Amount,Custom Amount",2
5q1BPxQWjIEvsFQHBgh1BcueV,Chicken Fajitas,1
5s4swrE28N7abvrpzn4PEw5eV,Chicken Fajitas,1
5skiAxv0GjsZIJdyqTg2snkeV,Custom Amount,1
5uv1z9kiwv4H0e8F3qezMt6eV,Short Ribs,1
71EMe7nYb2V6loDMRKYrGY5eV,"Chicken Fajitas,Custom Amount",2
71QU3nlLz7czIcRrGKIa21eeV,Custom Amount,1
71yTA8F6pp5laejKYPOEmjzeV,Custom Amount,1
73TjuXDZPzSi2lAK8WfqpWweV,Jerk Chicken,1
75sBFebM9kXWouWvahl4fwueV,Custom Amount,1
77Nfyn4WlEfsoHofs3UA4X7eV,Custom Amount,1
792PesNSrcZg6zZG82XLnLmeV,Chicken Fajitas,1
79ICl7ifpz9RltEg2hb4K8heV,Chicken Fajitas,1
79YAWoN8X0DIphAGdvPUA9oeV,Wing Meal,1
7BUHHCRQi81vANFwz0frU7oeV,Wing Meal,1
7BqGF898fJjASoCmAnXzOUpeV,"Jerk Chicken,Custom Amount",2
7D8cihEmpDoBW6nTqhfveYieV,"Custom Amount,Custom Amount",2
7FMePz1LV1ZYWXNzDw5YhRueV,BBQ Chicken,1
7LjwdAzpPgZAEyvWB9BZObqeV,Custom Amount,1
7NQsiBl9dG3G4PEURSbq6dfeV,Custom Amount,1
7P5QAMdsHHsc61DykkgbnX8eV,Custom Amount,1
7PDbn4YxWQP2IDK75gzvKvweV,Wing Meal,1
7RQllmo0eNSvjy2YOLqQ113eV,Custom Amount,1
7T1vj1Jydf4fBWSh0Bnygm4eV,BBQ Chicken,1
7TDi9xuCZMSyG7R2LaZZJdweV,Custom Amount,1
7Tjgs54yCshgivZAj5cSvPxeV,Custom Amount,1
7TnkjqPMEOOa6EXj7THBpXveV,"Custom Amount,Curry chicken",2
7VVGdsfX9ys1tC3B7e3xq7keV,Custom Amount,1
7VmRqy5EPprvbnzIXCRWRU8eV,Custom Amount,1
7X10sUvQ6lh0ndKfe8EtpipeV,Custom Amount,1
7Z2yfyF90k1k9AEA9AzgQC4eV,Jerk Chicken,1
7ZygR5Ua4D4an8VUi0TdVHgeV,"Short Ribs,'Nana Pudding",2
7dRGPOUDda2lQ3d1mlKpS2keV,Custom Amount,1
7lAimWzLp1M9EgOGf0ZWqqxeV,Custom Amount,1
7n583lslfrJYNvm8CRYYwCreV,BBQ Chicken,1
7nnj1guAaGsXAzGnpOuSOz9eV,Custom Amount,1
7pkzyM1WUdMvWXOsLgsjVn6eV,Wings,1
7pqSiVbz71vOFVFffaKRvBleV,Custom Amount,1
7psjU8KGEU4zHimUp4ilTdjeV,Curry chicken,1
7rTUfMlCyXZ5vZyvU4AULljeV,"Custom Amount,BBQ Chicken",2
7rZxGNTGEORgQcjgcqoLcdneV,Custom Amount,1
7rbWoDYLgyoBCZRxiREu6qeeV,"Custom Amount,Custom Amount",2
7t40wBtVy0zfMRkriwfpTzteV,Jerk Chicken,1
7twGtutAmyboiUKcvgeUQIleV,"Curry chicken,Jerk Chicken",2
7xewHkKBBEUTXv9IPnhytN4eV,Custom Amount,1
7xgrsQOpoyViL7ZYT76saNyeV,Custom Amount,1
90XacDLHICajGoqNeDfM508eV,BBQ Chicken,1
90XeEsEAZWPyM95StCLXwKzeV,"Short Ribs,'Nana Pudding,Curry chicken",3
90kC9RqnMGc4jdfBMN8e6HteV,Custom Amount,1
92mtcAp9hyvgV01FW17ReSyeV,Custom Amount,1
94FcOJzTznN5cAC0xtuqFejeV,"Custom Amount,Curry chicken",2
96QFqkklYJjYItEvkAd0xC4eV,Curry chicken,1
96gvJd93xc9oHgS2nzYYOd9eV,Custom Amount,1
96wDTfvQPWvThb06BoruKpjeV,Custom Amount,1
985n5ads2JpgEgoXbmYk1p2eV,Jerk Chicken,1
9ABStiPakhGUArqy5Pk42cqeV,Custom Amount,1
9Ab92TnhJ9H70nBDcWz5EEleV,Custom Amount,1
9E5x3sczo3PoXB08unqyDR6eV,Short Ribs,1
9IJGQVoxnHn0HhI0bj0CfazeV,Chicken Fajitas,1
9OWBNCsD77jJn8gFVKtExBieV,Grilled Chicken Salad,1
9S0rxJepkjtwDr8NzXzZVn3eV,Custom Amount,1
9SeAdVRLLqTqLU6uWaAMCJzeV,"Jerk Chicken,Chicken Fajitas",2
9WIue5uNWAXnbE7iEzAddVieV,Custom Amount,1
9Ws8ANTVZd1tfrUSDnXAE0ieV,Custom Amount,1
9YtCL7av8mmoBPhSTLAID11eV,Wing Meal,1
9aAbrHAtgjJCZC48bmYU9R0eV,Custom Amount,1
9aEDEA1MFCccdsXGNDX7mQpeV,Custom Amount,1
9cPYi7D097mZ2aJQJ3t1ElzeV,Custom Amount,1
9e1G26TCTSKAxgVl01ePjIAfV,Custom Amount,1
9iMNmrbiE73dLDIIhH0prIweV,"Short Ribs,CORNBREAD CASSEROLE",2
9ieeGN1yteuy1M0T36sbUv1eV,Curry Tofu,1
9kLcECfKkkxtR9jeLpRPc0oeV,Jerk Chicken,1
9o5ojCQLllIyAj4Usw5kp0jeV,"BBQ Chicken,Seared Blackened Chicken Breast",2
9qOMOjbtRnIvg8yCIVRPd8ueV,Custom Amount,1
9s78H34x6OMSsdEQLgI0uFxeV,"Short Ribs,Baked Mac",2
9s7KkgVmliZuTz2iLuKpdn4eV,Chicken Fajitas,1
9usE5IWmlXB4Dj1J4smixnreV,BBQ Chicken,1
9yGUHITWfVBNInapmWaWz79eV,Jerk Chicken,1
B0SoMDmdVx26P51HAt20QHfeV,"Custom Amount,Jerk Chicken",2
B2DMgic7zussEFV0ssvUgZoeV,Wing Meal,1
B2dzvzOICFfrvZJkGi9l4vgeV,"Jerk Chicken,Oxtail,Custom Amount",3
B2jSjIhHAP3NLUz2XREZplAfV,BBQ Chicken,1
B4KXQYe97PkZcKvQkAoDfrweV,"Short Ribs,Custom Amount,Curry chicken,Custom Amount",4
B8JT5ZW8onKg0XyzgRQvEsmeV,"Chef ,Servers,Servers,Servers,Servers",5
B8cxTZ8JhdRMMewIrnQnXb1eV,Custom Amount,1
B8klbzj4fOXAhtU2YCUAd6veV,Custom Amount,1
BC9qasxpJhEDeK3vy1lzJ3oeV,Custom Amount,1
BM8LwytFmM8GUo9ZZzv3tkgeV,Custom Amount,1
BOBPdkFnshO4jHEboAXP2z8eV,"BBQ Chicken,Wings",2
BQIMOmVAhhrUqEAHLoPhjOxeV,"4 Item Warm Bar,Refreshment Package",2
BQe51f4oxLBzJ9OfsYb49SneV,Custom Amount,1
BQvBHWzARKbh4yGmC7OGDc1eV,"Jerk Pork Ribs,BBQ Wings",2
BWjW5OyNKrVUOeeH9uR7FG3eV,Baked Beans ,1
BYEMIIy1pIrDzth6iKUT72veV,BBQ Chicken,1
BYc8ui4EfzfAn249F2pJDgueV,Custom Amount,1
BYw0XJJVpF6BcnYLfvqL6M4eV,Custom Amount,1
BaPzTbtq3NKlolQU63xzZVweV,Chicken Fajitas,1
BaoRotxNQozc2CRL1cbUxAgeV,Custom Amount,1
BcoVgCm8tIV8cs3cfNAOVJ1eV,Chicken Fajitas,1
BgyRAccJmXnDgtZcenZ4CNreV,Custom Amount,1
Bindh8qKwWq9Ng0ICEYW9OweV,BBQ Chicken,1
BkMrTIN8Ogn0gP1OaH79tnreV,Short Ribs,1
BmZBV5NewR8FWcaimi9Qq04eV,BBQ Chicken,1
Bmn0RYdVkWfEHOq9c0TT1C1eV,Chicken Fajitas,1
Bu1n6hvCRR1FvvtRqhip0pmeV,Chicken Fajitas,1
BybBy3J6UDrh8EZEG76raMneV,Custom Amount,1
D3d9MN6TKyoMdzqjDWMw9AzeV,Wings,1
D3fuUlIYK4ngFrWJVhDZpbjeV,Chicken Fajitas,1
D3nQvvOcfmFi607HmZNB0XmeV,Custom Amount,1
D5Yg52Mmg7UZYunMIwGvxzAfV,Chicken Fajitas,1
D7NyNOUarG8zi2Zj7hDQfcpeV,Jerk Chicken,1
D7ZWEyMQoabe5AIQ061upBqeV,BBQ Chicken,1
D928AGe921FF5xfH7Ut0VareV,Jerk Chicken,1
DD3HageZK3y5wmNWuQKtbl5eV,"'Nana Pudding,Short Ribs",2
DDFMp8uuXN4WFalXr0URKAieV,"Custom Amount,Chicken Fajitas,Jerk Chicken",3
DDHPwLwiL7sOWFuF8XdnJseeV,"Wings,Chicken Fajitas",2
DJK1BQdmUEAPQqCBPdwKdo1eV,Oxtail,1
DJWj73ruBFvzInQYYKWAYCgeV,Custom Amount,1
DLTphUdLrvh0t19arDplC04eV,Curry chicken,1
DN6mgr6KL2S4ENdlMDDMovfeV,"Curry chicken,Short Ribs",2
DNPKtvASkp26X1P2AXraCLzeV,"Oxtail,JP Ribs,Custom Amount",3
DNctl042QKB04fhgAGyvqa6eV,Custom Amount,1
DNuChBr5oqot2eIg7toE1x0eV,Curry chicken,1
DPHi7JT89CFMdqCyWhNlVB3eV,Wings,1
DPJRw8BUHLxocMUmxsdDUDoeV,Curry chicken,1
DREqA9ZJlQZ6bKgtjS8ybmneV,Chicken Fajitas,1
DVkXjhab5x7rNFyx2LtXSbjeV,BBQ Chicken,1
DXBvoRQhs0EdCI2zdX42Dq5eV,Custom Amount,1
DbpS4Vi8LT7uL9Np4phu8HweV,Curry chicken,1
DdIzNJLs7dRcadEMQ40HH3eeV,BBQ Chicken,1
Ddas9jcP50oqDMmknys3pc3eV,Chicken Fajitas,1
DdgDfbMsqv4haXAgdiGlvhseV,Oxtail,1
DfJlkGsaeB9IE5Pw2CIg92meV,"Curry chicken,Short Ribs",2
DfrqS4S7LxQSocqWVmKxuNgeV,Short Ribs,1
DhAkkZIQupUvjTyCLhQHm8oeV,Custom Amount,1
Dn9vz7doW3KFjpelWOEc7DpeV,Custom Amount,1
DnHO22nReM9jUrt19NELuTveV,"Banana Pudding,Curry chicken",2
DnlTJQC5wgFxhy6vhr2bnqeeV,Chicken Fajitas,1
Dp06Vq2dodUz32vZFfSxRXheV,"Short Ribs,CORNBREAD CASSEROLE",2
DpaNdw7JxjRypcMG5wuAc30eV,"Wings,Custom Amount,Custom Amount",3
DrV4YiJDkvRhZ8LjBCx5cYxeV,Oxtail,1
DtMp3WY53PWokp3ULUEwu4neV,Custom Amount,1
DthTJtDjTmFCkwmKs8s2rD1eV,Custom Amount,1
Dv5fRFdGsyRJtIvmRPSwQhmeV,"Jerk Chicken,Short Ribs",2
Dv6HTwFTgVZXenTyyNlbjVoeV,Custom Amount,1
DvjodmffnGp20tA7mTzDsppeV,Custom Amount,1
F2EhALHv6pZ7aT9sb4zphyueV,"BBQ Chicken,CORNBREAD CASSEROLE ,Plantain,Custom Amount,Pineapple Passion",5
F2aiL7R2NsKzPg6Nm0gb6ZveV,Wings,1
F2iAW2Ho6xMWupKyuSOalFkeV,Custom Amount,1
F6u9W2uyrJ65kqXKvwIdrz5eV,Jerk Chicken,1
FC4y5tVOE5vAV1xNiWVQsJreV,Jerk Chicken,1
FCKZOwBWVPV7GsB4EVtWcL5eV,Jerk Chicken,1
FE9ugwcp2zS8NQk5oo1g3KveV,Custom Amount,1
FKMKBH4bil9ySivAr6lxRDweV,Custom Amount,1
FKaHgHjjaAWkRfnkbTcHjRkeV,Jerk Chicken,1
FKmzHF9ll9hBkQ3y2YkWfkpeV,Wings,1
FO1xjpfLWdTeyMQh522zKyheV,Patties (Beef),1
FOC8jOAq7rsUnojlOFjYTMqeV,Custom Amount,1
FOUfoSKjf4i9CFr5x5hBkQxeV,Jerk Chicken,1
FQFjcRE3IkF2gdt1NfP9vM7eV,Chicken Fajitas,1
FSMs3tQo9TmEOLhqRjowr6yeV,Custom Amount,1
FUuQtZxauwHZWJkmaN0sbAueV,Custom Amount,1
FWPe09HiAgTzPSfqCqA8L4neV,Custom Amount,1
FY591nLgqDeoDKO6Xb5uGlieV,"Refreshment Package,4 item Hot Bar,Banana Pudding",3
FYN1YZLbmalgF03n7mIlbV6eV,Custom Amount,1
FYtPJpGcPSuQDGnoYLdwRO8eV,Custom Amount,1
FaLRjbfRalFyJMP5w0whLl3eV,Custom Amount,1
Feymw9ptoBN4rvc7gnTbB34eV,Short Ribs,1
FgT6geSo8KFQjNvZQuvi2iheV,Wings,1
Fgd91taD9oQt6uWwgNoaTBreV,Custom Amount,1
FgnSTo8Kdzsjgwc7FkwDucveV,Custom Amount,1
FigS3lKdPIWud2ZNXo7wD5yeV,Chicken Fajitas,1
FkF85cONZ23MIt2cvB9EjTAfV,Custom Amount,1
FmCWnUiU3NeG6vnCoEHhdX6eV,Custom Amount,1
FoPSO2206qGq4LiOOSUkDrieV,BBQ Chicken,1
FoRRhMa9aPlbdqw3yAjLH24eV,Custom Amount,1
Fq0EKaTOUrq9YzrR1rnrhzreV,Custom Amount,1
FsdWvdvP1EumqBAvDv9Y5XseV,Curry chicken,1
Fu3I2N2YosEGazCIUn5xY17eV,Custom Amount,1
FwFvcORv1M25T5O6UMZ1rkweV,Short Ribs,1
Fy9eeoehNR7eTW5qupgScJ9eV,"Oxtail,Curry Goat",2
H1FYdQYoZBrpyK0dnCGvQejeV,Custom Amount,1
H1daQuF2X7H0NbxiUKzMau4eV,"Jerk Chicken,Pan Banana Pudding",2
H9FqZfP0qowRsNVYbzIFzCxeV,Oxtail,1
HD2tvpkajlHBtFQvh3LF89meV,Custom Amount,1
HFVeueZM3EWSEmTVX0P9J8yeV,Chicken Fajitas,1
HFZcqzat8UTI5jaIM8Kqlo3eV,Custom Amount,1
HR9HmKAyXGtVmbMrg397825eV,"Jerk Chicken,Pineapple Passion,Custom Amount",3
HReJVTP69ELfzDQG25JNYgyeV,Custom Amount,1
HRt7U0966bDg9pqOsKXWoG2eV,Custom Amount,1
HTNwLoqVm68xGTcIz39tfKgeV,Custom Amount,1
HVTHnXDPmfuwoIi46KNDcuzeV,Custom Amount,1
HXjg0DG9OLmA59DET241JbmeV,"Supply,4 Item Warm Bar",2
HZ3s1xhe9NpLcq8J7Gh2wkveV,Jerk Chicken,1
HZ5DqGNyb9QP5qFnbdS0Xh8eV,Chicken Fajitas,1
HZFBqWKlg6LcxdMSrBPfjCseV,Custom Amount,1
HbKBNyxzxH1iDLbUEljz7G7eV,Short Ribs,1
HbKddlWPkly7KXNfZCtqKoheV,Chicken Fajitas,1
HfSoPwOUJ5PLiiWkCIn890geV,Custom Amount,1
Hfo9Wt4eAOrgL703gCftmGAfV,Custom Amount,1
HlPpB8g3HKu90nDkcUWeYHleV,"Beef Combination,Jerk Chicken,Rice",3
Hlp21OWcKOVdBMvVSxZFxjmeV,Custom Amount,1
HpOTBlK3F4f6CgZxRGmEDhqeV,Custom Amount,1
HraBrYE1W6Wrfp4oxW9dM6seV,Jerk Chicken,1
HthoD5PGZGut7Lj5FcuKzaweV,Custom Amount,1
Hze5Rp4qh9vZLrpWqm4ydZ7eV,BBQ Chicken,1
J4qIqxaSUtKbeay8HSkFq2weV,Custom Amount,1
J6iHG8TqcNKyBD548ZCvIHleV,Custom Amount,1
J8M6DZq7l1Xnax25mccxWjreV,Custom Amount,1
J8iDKjdX4dnyUKZWnj2eq2oeV,"Short Ribs,Jerk Chicken",2
J8uLFyYYO0cpqLoTMIq8w7feV,Chicken Fajitas,1
JClXWmCplZu3QwfgM2rsYNmeV,Custom Amount,1
JE8u2ZlM2saBwdQrgCx4zp7eV,Custom Amount,1
JM2jjJtMYaikFcC63aAXIafeV,"Custom Amount,Custom Amount,Custom Amount",3
JMuP9csNfrz6KRI2htEkQ8eeV,Custom Amount,1
JO5eiavYRGPBHyK2X5QgWD7eV,BBQ Chicken,1
JOCgpa5G9AZlRG4KP4Y0LE2eV,Custom Amount,1
JQSgLvCdyAAquacPaFcUPhweV,Custom Amount,1
JQe6hFS7zF1kWJblQ91BI8reV,Curry chicken,1
JQgtuXUE5FvYbWN6qq5uIf3eV,Custom Amount,1
JSl55oTn5jk6v37NLbA7I9peV,donations,1
JUEcvSFepsrW5W7TEE3NdW2eV,Short Ribs,1
Ja5dx9jZ806KjSzLcyJCsz1eV,BBQ Chicken,1
Jc2BED6wLvcow7t0QOlyspyeV,Custom Amount,1
JcKPCl2jrimaHInum5bLdr8eV,Custom Amount,1
JcY62CAhWyDeqpqCH0tj3a7eV,"Banana Pudding,Lemonade,Jerk Chicken",3
JgPI6P4dQHLxZQCvcGRuRjseV,Custom Amount,1
Jgae8Us1h9BUYgyoTi8cZ27eV,Custom Amount,1
JggZoCBWuusC1Nd5aS9F69geV,Custom Amount,1
JkQIICCnsfOJfLDup9lRRTieV,Custom Amount,1
JmDxGFU1cBBkJ0xm9WkiO8xeV,Jerk Chicken,1
JmZ4wxrlG1wvhiO5l4LuQ3peV,Custom Amount,1
JqB9RJh7jq0ME7nigih2Kt7eV,Jerk Chicken,1
Js8idDyZEzBPeJrbOb02ll3eV,Chicken Fajitas,1
JsKfCmh542HIXAcSKujS56veV,Chicken Fajitas,1
JsYqokJiVmz8D074ePhz1GfeV,Chicken Fajitas,1
Juzdx5KLcOMyRUwSoQ1Q5V2eV,"'Nana Pudding,Curry chicken,Short Ribs,Tilapia",4
JwGW1P2oQjPX7AW31KvQbeteV,BBQ Chicken,1
JwO2TlRcF3ciirMCBhHVHlheV,Chicken Fajitas,1
Jwig5KsBqOenTVmNWRUQaiAfV,Jerk Chicken,1
L1USKeYJnS7Y9ZMyAmOPxAxeV,Chicken Fajitas,1
L1ciWRWk3m5L25vWx4rTIeweV,Jerk Chicken,1
L1ub82zx3uCf69UqYayoNyjeV,4 Item Warm Bar,1
L396sYfKyB3NsYpQFeHjzs7eV,Custom Amount,1
L9HhKs6xVSwlgdoqyO1bPDgeV,Custom Amount,1
LBnadFhXBVHah1WzlGd0eh4eV,Custom Amount,1
LDJRGAb95KTg8FTGchUZremeV,Custom Amount,1
LDhNOyeYbCGiOyNBy1hoarweV,"Chicken Fajitas,Authentic Mango Punch",2
LJ8rDWT8ZIunSKYBCd0qmB9eV,Chicken Fajitas,1
LLTQcCCL4CDcQxPgSAR6HPyeV,Custom Amount,1
LLvQfzCq5egtNIJJbQrx7P6eV,Custom Amount,1
LP9KLutzEFeaiqVIdNG2RkleV,"Jerk Chicken,'Nana Pudding",2
LR6ojy3djiwRy8f60XPQTWieV,Curry chicken,1
LRDIjbfnSpXNNY3sNDnyusreV,Custom Amount,1
LT1ZTT64mRUkvxRwkoWAQqAfV,Wings,1
LVokIvPoj1T22Ehf8lLiGhheV,Custom Amount,1
LXBu1cq9t5ekB0cP5qgHGf8eV,Custom Amount,1
LXpO7eL7edBeRoHZPlV30d8eV,Chicken Fajitas,1
LZa0wvGZ9RLL2dUQdyvUmBoeV,"Short Ribs,Custom Amount",2
LZuuKuryUvkXh7MfPyg9YqveV,Short Ribs,1
Lb5DCWNgqFN0CmF1mR32C9meV,Chicken Fajitas,1
LbtNkTNcIv8xyenBsxOTtAieV,"Curry Tofu,Short Ribs,Custom Amount",3
LfhkvLW2EVotIC3I4mRCrx7eV,Jerk Chicken,1
LfvTZE3lg33qUsGhoSl3ippeV,Custom Amount,1
LhCmuSiOR3y749fnTxbtu91eV,Jerk Chicken,1
Ln1QnEBOaHIKffQOi2F7oaxeV,Jerk Chicken,1
LpO2gyhBkwmkOkAJaUt7tQ3eV,BBQ Chicken,1
Lr3GwpKNoMST9LPKOb5ExhteV,Short Ribs,1
LrDUKKTGynHRFkeffXgdOq5eV,Curry chicken,1
LtuFU0fkTK0JwKW2qhJu7WyeV,"Custom Amount,Chicken Fajitas",2
LxS62aqIPKpcgGMIRqCjcwoeV,Custom Amount,1
LzHeXQ2XO7xQmgG551sqCuweV,Chicken Fajitas,1
Lzz6QF719kyNMge8peSSTX9eV,"Custom Amount,Chicken Fajitas",2
N03cqQlLM5raCwvs3GoqpwpeV,Custom Amount,1
N0DEZbLhukfNa6FetLceVV6eV,Chicken Fajitas,1
N2MsdETG7zCDYicqfu2eSmyeV,"Custom Amount,Curry chicken,Custom Amount",3
N4le8a9koUhvdpedMwCfvFzeV,Oxtail,1
N8hBRnlfzvj5RbZY9QtbIH1eV,"Baked Mac,Chicken Fajitas,CORNBREAD CASSEROLE ,Jerk Chicken,Custom Amount",5
N8rUA9OjGIsMDbZLbQEnuM3eV,Custom Amount,1
NA3dmXMREjUYger6QyGQHxyeV,Chicken Fajitas,1
NCAvZV6DIoywehe3JyINXdpeV,Custom Amount,1
NE53deTkxpYVUM6cjWb1ytfeV,Custom Amount,1
NEfWJlVo9dTtzAry9TKNZO2eV,Curry chicken,1
NKw7WGCdlTWWJdXMsHzjnuxeV,Jerk Chicken,1
NOu33lLyo9qQFMslOTcfZWgeV,Custom Amount,1
NSKUJQkBNlDgJtarF17wwB3eV,Chicken Fajitas,1
NSMZPoXnd79qE6kE6p8dhXzeV,Chicken Fajitas,1
NSgBmo7coxGwAQ1afBcgl51eV,Custom Amount,1
NU55IKpboBBMZ5ZjeyKD9b9eV,BBQ Chicken,1
NYbRGBmDkRs9hvfmGkcfR7ueV,Custom Amount,1
Naf47CeMjNGicGvZ3majsTveV,Custom Amount,1
NaiceFP0lkgUofebWRGXzbjeV,"Custom Amount,Custom Amount",2
NiGKBp2hCf5b4O4v8sVa9g6eV,BBQ Chicken,1
NiwnJxhtnObpf8HLfwAyNV1eV,Short Ribs,1
Nm2PyANgp83WDcb5NlklvoseV,Jerk Chicken,1
NmgM839xBZaSbWBV7sXoCp9eV,Short Ribs,1
NmoSfOED3h03fw9mkXRVQjieV,Custom Amount,1
NoPZ1qRtTORRLSQFEtJosizeV,Custom Amount,1
NonzuRa0EIlO3ShLkluxB79eV,"BBQ Chicken,Baked Mac",2
NsNZycbjbAlRtMI3hmUcEf6eV,BBQ Chicken,1
NuQYp6k87qN8isRDCSIFEaveV,Chicken Fajitas,1
NuUo6Pep1cMvIQCheuxefAseV,Custom Amount,1
NukONbtGdmO0ArklC2brvV6eV,Jerk Chicken,1
NwjzcFFEJLhLUYk7TsY8xI5eV,Curry chicken,1
NyOQ0TLVlst00PNK16U2esneV,"Jerk Chicken,Oxtail,BBQ Chicken,Jerk Chicken",4
Nyc7WVYV0l7i2aItLaXVPY0eV,Custom Amount,1
P1Le6WQajN6BXly0E9bnr0eeV,Custom Amount,1
P1ngyPHxmFl7hs4x3Blf0SgeV,Oxtail,1
P1xlQY4FaxiiCZAbjFxYGM1eV,Custom Amount,1
P3RO7xRynhHLVMBP8eMfcQoeV,Custom Amount,1
P550GQ6sHR4ZiiQpG9zUjFgeV,Custom Amount,1
P5V8fuUnlPdmMdeCmqyEdvkeV,Jerk Chicken,1
P5VgdGZ7k5yl1VYNp91mRiheV,"4 Item Warm Bar,Refreshment Package",2
P5tAJJ0WxaY3a4lUOsioHm9eV,Chicken Fajitas,1
P7mAJWnNy2HXMMAcM1V3AgjeV,Custom Amount,1
PB73Iq7hvXkzPa39cgiA6LneV,"4 item Hot Bar,Refreshment Package",2
PBCaAIw3XJfRiDXf3WnajnmeV,Custom Amount,1
PD0VfRf7MxyQqQ8TUNMc945eV,Custom Amount,1
PF953ZJwPK92RDTtnQ9g8a0eV,"Curry chicken,Custom Amount",2
PJvbWC1B2aCwu5hD6o3SXkxeV,Custom Amount,1
PNVR4ISUQZqQ93exPTjR6AweV,Oxtail,1
PNpjkUKmIpdfkoE8Qc7gbkweV,"BBQ Chicken,Curry chicken",2
PNr4ktBwk29kf6kVCCo1Di1eV,"4 Item Warm Bar,Refreshment Package",2
PP40ffCldk4pepFuMj6ohAteV,Chicken Fajitas,1
PRDZfHO04feZaohUNF3mi6ueV,Jerk Chicken,1
PV9nKcOPAtQ9ZwquXFl1cSpeV,"Jerk Chicken,Short Ribs",2
PVJ1GQkm0dl1lP9vxG4d4BheV,Custom Amount,1
PVtdPbgFML8H4FbC4j1MmV4eV,Custom Amount,1
PXIwShNrnFzQe3otWHr1TAveV,Jerk Chicken,1
PXtKsKkRZj61ftJwFRWHhCreV,Custom Amount,1
PZBMkulXNUZ0Llkli43xLrxeV,"Wings,Wing Meal",2
PZp6VGugMtBhN2cJgqduc2veV,Custom Amount,1
PdJtZbAs4SkeQxt0v0vS9f1eV,Custom Amount,1
Pdrs6omHgC5k7BtPbotydQreV,Jerk Chicken,1
PjiQHkILnFK7IwxPxaer59reV,Custom Amount,1
Pjqyw1edPGHVBsImmFy4zQ2eV,"Wings,BBQ Chicken",2
Pl4KZpmzSdLHapvZwHdSrM0eV,"Oxtail,Custom Amount",2
PlJRCMJ9J169qvlrMpHN0IAfV,Short Ribs,1
PnU0vjH5cmpPl1Z9Owrqo6ieV,Custom Amount,1
PnXJ1nyd6YfwjQCZFODJlV4eV,Custom Amount,1
PpPrgJL14C8nZmV8zOsBrgneV,Custom Amount,1
PzUlXiRMUVIPLyOHR7qBf4leV,"Seared Blackened Chicken Breast,Jerk Chicken,Baked Mac,CORNBREAD CASSEROLE ,Oreo Deloght,Curry Tofu",6
Pzcj2LrZfgmphgNgIfQ2fLleV,Custom Amount,1
R2VH00g8saaeGrl4lznytQheV,Custom Amount,1
R41Gypdl0JW9UNHcFSPYorxeV,Custom Amount,1
R6nlphaTXwyfeQQwJFCTAvAfV,Custom Amount,1
R81rNfwOap1FUNYeMFeN929eV,"Custom Amount,Custom Amount,Custom Amount,Custom Amount",4
R8IfUMg3RQtuQKcsjtlvRDqeV,"Custom Amount,Authentic Mango Punch,Pineapple Passion,Jerk Chicken,BBQ Chicken",5
R8k1aL7Jn9MTQhbh8k08owyeV,"Hot Bar,Hot Bar,Salad Bar,Salad Bar",4
RAJS4xMmQ5MfvjKgUlEDmOieV,Custom Amount,1
RGBR8k7YxJwaJ94ID890cY0eV,"Jerk Chicken,Jerk Chicken",2
RKrvhyw5nRMUuF7eaOwBEDkeV,Custom Amount,1
RKyiFOHH1EL9bNdU7EP2bM3eV,"Supply,4 Item Warm Bar",2
RMGodNa10slL4gBgbako0WweV,Wing Meal,1
RMs3PjcHz3CTum9g0W1NA76eV,Jerk Chicken,1
ROtzXq7rsIJcC3AwRSXtYz9eV,Custom Amount,1
RQEwcK29iGWogj8AYYPvTT1eV,"Banana Pudding,Jerk Chicken,Custom Amount",3
RQYmqOAwsRxFXJKbpYAhPYleV,Custom Amount,1
RUSOcEIGp3xtmygoEzyPTwheV,"Rice,Custom Amount",2
RW72CQRuFUW1xKjPOk8gUHueV,Custom Amount,1
RWLeaIhDfxLSRf4QbGBRIzmeV,BBQ Chicken,1
RaD96jV2yWulQzHXoh7eQRAfV,"Banana Pudding,Tilapia",2
RajRcNCMRxOxS9wRva2iElveV,Short Ribs,1
RcyiDewqCmIGdNIlzefNZWneV,Chicken Fajitas,1
RenWYMnuRvbSj6unOcR2RiveV,Chicken Fajitas,1
Revme2kWFAnfc0Mjvb7TmlseV,Wings,1
RgqrstVzhuBMHxECsazLzb2eV,Custom Amount,1
RiHNEYrenklQ71CJZKcK9VqeV,"Seared Blackened Chicken Breast,Jerk Chicken,Baked Mac,CORNBREAD CASSEROLE ,Oreo Deloght",5
RihaeLCGPJMXK2ntLwUHL8teV,Chicken Fajitas,1
RixcvDds7LXKFCZJgZi6EI5eV,Chicken Fajitas,1
RkDUtMEt1JvwDJifcoWCLvgeV,"Oxtail,Curry Chicken",2
RkMZ73YIWW8usMfAYa6oOC7eV,"Curry chicken,Oxtail",2
RmVxFPY75TEua8dl748xBxzeV,Jerk Chicken,1
RoMcXOjnWQI1PyoHNf8Dw2feV,Custom Amount,1
RoOrUPiVb8XAl3SQE00ZRHmeV,Custom Amount,1
RqPB7piTCrUGOyuHeyxStefeV,Chicken Fajitas,1
RqTNszoVgH9n6hTwPWlfkl1eV,Jerk Chicken,1
RuDaN0xCfbQlG6A4fGwpl6meV,Chicken Fajitas,1
RuHGYTxZnGwPAHR1xWi7y8teV,Wings,1
Rw6DAudeAL3l9ARBSiVY2h6eV,"Curry chicken,Pineapple Passion",2
RwCVdTCWTsCQJtkVrhkUiOpeV,"Jerk Chicken,'Nana Pudding",2
T1iwLhwXLdMgMJ3jknWFjhseV,Jerk Chicken,1
T35zLTM0WvbjBovIxo8ejpleV,Short Ribs,1
T3ShUTGo4vPn8HPCHR1plxqeV,Custom Amount,1
T5W5dGiqOQujh229YVPalq2eV,"Custom Amount,Wings",2
T79oPWFvBrMne5AQ979OX40eV,Chicken Fajitas,1
T7LLNC9OhX7DvPpgi3ZGIh8eV,Custom Amount,1
T9EbBBQ4BUHQcT1kJGMbPJneV,"Chicken Fajitas,Curry chicken,Pineapple Passion,Custom Amount",4
TBcS5GYov1CdSu7uZz4K8hoeV,Custom Amount,1
TBsIACkhtJPc1GlRIVMN19leV,Custom Amount,1
TDyeKgpv02TZX0vu5YinzJ7eV,Custom Amount,1
TFicZos9M2ufy48jrkxsjLxeV,BBQ Chicken,1
THRnjq3fE2zIcvDHLyHRklneV,Custom Amount,1
TJ6LZ72xhrxpOVrnLFK2XImeV,Chicken Fajitas,1
TJy3DU4EwNyWCg3Ou7FazVneV,Custom Amount,1
TNIN31jJLlXzPyqxFxYTkuieV,"Short Ribs,BBQ Chicken",2
TNQd7WspdJegVa3ZMQHflJzeV,Chicken Fajitas,1
TPza9MEaDwxykak4vjwU4s4eV,Chicken Fajitas,1
TTb1FWc0eE3yl696hNvmcezeV,Custom Amount,1
TTdSjIFYEOm1zKSKcIbVnkteV,BBQ Chicken,1
TTjPsIeCj7OTZ8pqSQ20aFgeV,Custom Amount,1
TVOGluzJi28MCvgpvapjwz2eV,Custom Amount,1
TXV53Bmam0GJ31mCHlWTdIteV,Chicken Fajitas,1
TZOHO0GOQbq8wq8hh4rbpYfeV,Custom Amount,1
TZhyFt5MPARXTOvZc1NuK1seV,Custom Amount,1
TfZvMk3D94v7XIWip5UVLlzeV,Custom Amount,1
Th2123vd0hXcj0XmWvrGPQ2eV,Wings,1
ThEIsvn1U8pOk4u7yafzdRleV,Custom Amount,1
ThOvJptRifGPfJf1hSk84tveV,"BBQ Chicken,Curry chicken,Tilapia,Authentic Mango Punch,Pineapple Passion,CORNBREAD CASSEROLE ",6
ThS5vYo5prHAxP0Q5NDuoj4eV,Chicken Fajitas,1
Tl0RdDpgirEmlqEEzoJGMGxeV,Wings,1
Tlq4XfSoefrwN6plC1pNrO6eV,Custom Amount,1
Tp65S2OIOdd0AlQgEZgYg9heV,BBQ Chicken,1
TpmDWB5SEybyu14PLmy1bAseV,"Short Ribs,'Nana Pudding",2
TrHTkeI3dT1q3PUlbgnz78ieV,Chicken Fajitas,1
Trb3zpLSNQokNIriBfWgyk8eV,Short Ribs,1
TtYb8UNCrfgKk7Cz7keIK5heV,Custom Amount,1
TtyEU5TrT77zfnZ2jB1pO8geV,Custom Amount,1
Tv1t2o9vfvAoj4LShptA56neV,BBQ Chicken,1
TvCb0Zh48VgRrlxiW7K3vvueV,4 Item Warm Bar,1
TxIiWXie1tR1PZEauUkCLojeV,Custom Amount,1
TxWJaZu4Tj5IVYEI7mIeWJzeV,Custom Amount,1
V0Ldti8P43X0yrzDQjccuNAfV,Custom Amount,1
V4P6P4IKGYfP5Kntkk6LVcAfV,"Chicken Fajitas,Brunch",2
V8vLEu6AkFITpHG4W5Y6xn1eV,Wing Meal,1
VATaDk3YGd0X7vcPPQcpO2neV,Jerk Chicken,1
VAxPYppSKITSuXf6F42K0zoeV,Chicken Fajitas,1
VEp8TQkIRKUquxN1uAqV3nfeV,Custom Amount,1
VIv2pZwp5eEs8r5nrixPQX8eV,BBQ Chicken,1
VKMiGcw73lUgfmd3Sw2A4dreV,Custom Amount,1
VM7znq4Xow7eBfktkH6d5VieV,Custom Amount,1
VMVSUCTDWrJcgk1ur9M8xtmeV,Custom Amount,1
VOo5TihF4Cczo2oYTQ33SI2eV,Custom Amount,1
VOw7YRvtswFxgFwCj9TkPrgeV,Chicken Fajitas,1
VQ9dYCjAMu1M70zG2ORFbGyeV,"Cold Cut Catering,Salad Bar,Warm Buffet",3
VamlZTwqzsSPMYb4eHyputweV,Grilled Chicken Salad,1
VcXtB17suNhtn7hEOFAebafeV,"CORNBREAD CASSEROLE,Jerk Chicken,Jerk Chicken Lrg,Jerk Chicken Lrg,Plantain",5
VcjTzaXffFDAhUlU0J1osq6eV,Custom Amount,1
VgXgT9dmQpzSYGirwvkKKtfeV,Wing Meal,1
VgZ3GpvZvSUxVCKEuujrvekeV,"Custom Amount,Custom Amount",2
Vise91JLe5Fp0U8TjAjB1YmeV,Chicken Fajitas,1
Vk5i0r4zm1xwcOBv70Bvhq6eV,Chicken Fajitas,1
VkuyTZIAqTLnUJlZuGyrGkfeV,Custom Amount,1
Vm4p6OjBQ5eK4jzYLq0BAB9eV,Custom Amount,1
VmUlTX7Nc1lu1SXz6bPYBA1eV,Custom Amount,1
VmUre7vTwnnPKvrzTVjLnA4eV,Custom Amount,1
VoBxYYfByFpjChcHL6O163leV,"Custom Amount,Refreshment Package",2
VsrVCH8sT1umDCd5pvQ6o9eeV,Custom Amount,1
VufySKsgyH1xrOxf1MZcREseV,Custom Amount,1
VwDI88jd7PUqxbnmbEpLjHgeV,BBQ Chicken,1
X1Fm3SWP4mKhrvssuzfst6veV,Chicken Fajitas,1
X1d2fTltN48qlpXbrJo4QU2eV,Custom Amount,1
X3VDonhd3IgV1WMp1IG6GR1eV,Custom Amount,1
X57QhnuKz562l0GEB6vfbCteV,Curry chicken,1
X5NnGAD2bFYPAHpzSrjH2BseV,Chicken Fajitas,1
X5ZLTNono41oup4d0ZU08SqeV,Jerk Chicken,1
X5bSIuE964BZQQfx5GVPin2eV,Chicken Fajitas,1
X79knp0LEXMYmSVqYHlRsjweV,Custom Amount,1
X91Ubg9S2yUePpQJAKBEyl0eV,Custom Amount,1
X9DZeWlHVSQwu3fDISUnQgkeV,"Wings,Custom Amount",2
XBPc3tWazJZDu2QhMa7OBYneV,BBQ Chicken,1
XBcYg2xpXT7SWukOsUQi6c8eV,Custom Amount,1
XDYIlkBMhpRAqnnCqvRE7vneV,Custom Amount,1
XDanqrXmpoRE8PGrUC5cXD2eV,"BBQ Chicken,'Nana Pudding,Custom Amount",3
XFNQQ8KCpcnlsYnfvxlDmAqeV,Custom Amount,1
XJN5JUbrInHnqydScTmmUUreV,"Custom Amount,Oxtail",2
XLksV6YiJzS1lF2Hu0dE1wseV,Chicken Fajitas,1
XPGQxdHJqYFmIqK1kEghObpeV,Custom Amount,1
XR15oUP22Wygazwl4ZZzpr5eV,"BBQ Chicken,Custom Amount",2
XT2fzyUh70ZIJXyQcaeJChxeV,Chicken Fajitas,1
XTwwzHLC2NJf9CZD6PHMeAxeV,Custom Amount,1
XVLJPMSeeWyvNjLzZUk5bA5eV,Custom Amount,1
Xb2DQrsaSJTrufdwGuZcgyueV,Custom Amount,1
XbMquHUBYXO50npRkkOX1woeV,Custom Amount,1
XdFAPpudBEfb1oO38YyKwrleV,"4 Item Warm Bar,Refreshment Package",2
XdRYeGv7RtC8S2xuohd4mqxeV,Custom Amount,1
XlDpllofy3RldkWZW8pStQzeV,Custom Amount,1
Xn2A43WLbmQlj04clcpSwVfeV,"Chicken Fajitas,Jerk Chicken,Short Ribs,'Nana Pudding",4
Xn62qdr5G6K39V1anoBlPWpeV,Custom Amount,1
XpFRnIezdUez4gI5XVCARJ9eV,Wings,1
XpNPYWYzBJiOVZg6U53rxjqeV,Jerk Chicken,1
XpzwJLeySB9tpumN8qHOvPqeV,Jerk Chicken,1
XrO9bQ4lthpuUh9lKsVfOs7eV,Custom Amount,1
XrsIfLukvo0SRBNg1lyYmv9eV,Custom Amount,1
XruR9gcn98XN8ph9ODq46QveV,Custom Amount,1
XtJIy6PBtbb6ZFYEebFppsmeV,Jerk Chicken,1
XzIyynHKMy3qJ5olHZaRVZ2eV,"Wings,Custom Amount",2
Z2hYZ8oe9NypqkHzXBjSyH2eV,Custom Amount,1
Z2vzFHH7MJNbeMcYPJrC9g7eV,Wings,1
Z4qM3jOf3VMtq0pB1b8yucfeV,"Chicken Fajitas,Custom Amount",2
Z6LkVqFPmNRw2IzAC8Q6GW3eV,Short Ribs,1
Z8IgsadPrAF7vCD2l6odaM4eV,"Chicken Fajitas,Custom Amount",2
ZAGolo30OM187WMWgQQ9lFoeV,Subs,1
ZCbWBTWHlCM3zqsAoo8O5xzeV,Chicken Fajitas,1
ZE8yx63EygSLvZMVRTOabIreV,Custom Amount,1
ZEIQfnVsDGZUFoGcENPxWi0eV,Custom Amount,1
ZGpuou4xowO9WJx8e9fqCJveV,Curry chicken,1
ZIQ3h1iF3RbOBuC0JcUBAv8eV,Custom Amount,1
ZIcL81fKr5WLnTMyAHs4uHneV,Custom Amount,1
ZMIavUjxhXA6rankpNunzS6eV,Chicken Fajitas,1
ZO1Ku9B3xVZjGufyesCzuD6eV,"Custom Amount,Custom Amount,Custom Amount",3
ZODx2dRKp79pA4d8EfFQd3oeV,Chicken Fajitas,1
ZQGA5h2QrfwrwF8XpBbuh5seV,Jerk Chicken,1
ZS7Igds7WwZrBjzIXGzk3CweV,"Oxtail,Custom Amount,Curry chicken",3
ZSVFsHsBPHhDKrPP4YdB7o1eV,Curry chicken,1
ZUA49Wp5qO5Doevf84umLdqeV,"Chicken Fajitas,Curry chicken",2
ZUMa5XYa2tRObGCHILyGmazeV,Custom Amount,1
ZUQaKsYjobWdalwE2EECSmmeV,Custom Amount,1
ZWPDPSB7Z5TQbhkhdz1mnqveV,"Jerk Chicken,BBQ Chicken,CORNBREAD CASSEROLE ",3
ZYM7owBWDpqgEUMm6AoBN8xeV,Oxtail,1
ZYSyENBHwugZhAVtv7tY26ieV,Custom Amount,1
Zc4cSIWjblz4jzpCCDMOSLheV,BBQ Chicken,1
ZcEW21gK4krCG2luppQqRDweV,Wings,1
ZeB0KdTJE56nsYzy0NPlCi8eV,"Salad Bar,Baked Mac",2
ZgkPLhorwtgiVM0TZntTEzqeV,BBQ Chicken,1
ZgukBkcubgUgYXsKBNfauNAfV,Short Ribs,1
ZiJdlbAztguGoPlPtp9mDRqeV,"Custom Amount,Custom Amount",2
ZkGlkU0NpwblmGucIOZGqh2eV,Custom Amount,1
ZkcObKvWYSIP7bNUbJ129XseV,Custom Amount,1
ZmDjcM8jmLSSwf9GPmaWoWfeV,4 Item Warm Bar,1
Zo6yC4lrI1rhSufjtdicEezeV,Wings,1
ZoMlZDyrGjNpbcRUWxfFWJ6eV,BBQ Chicken,1
ZoojhVdqSpzaS4fqGZwjDTxeV,"Oxtail,Short Ribs,Chicken Fajitas",3
ZqTSWjUYxKy4wYEl6OgKtlzeV,Jerk Chicken,1
ZssyC8kfYVOZdAP3s98itU4eV,"Custom Amount,BBQ Chicken",2
ZuTRq9gWLfgw13qUG6ZMmz2eV,Custom Amount,1
Zus9yhu76S89TBXHUqLcyq1eV,"Oxtail,Custom Amount,Oxtail",3
ZyM8upxtymlUgqdGvHJJj54eV,Custom Amount,1
b10KFayk79PtmhvJjuDuaHpeV,Jerk Chicken,1
b123HSzkmfglpBOl7gOBAu6eV,Jerk Chicken,1
b12nVbMZISVxTAi6Fi7tYq4eV,Custom Amount,1
b1MGlAlPT5laJ6AwSR1SYkkeV,Custom Amount,1
b1qJPINT8Uuhk661t3idCK9eV,Custom Amount,1
b1weMyJ7qmeSunxVnbVgwi4eV,Chicken Fajitas,1
b3NAmWtJ3RiVnOvYZfoCye2eV,Custom Amount,1
b3hg9QnFJfhJAzynkazK2b3eV,Custom Amount,1
b5yk3gcq9X7VBvoUlC7KD9eeV,Jerk Chicken,1
b77IVFlSDaJjK2QrPEOWIQfeV,Custom Amount,1
b9Cp6QLKqMPwPa8UayfU6ajeV,Jerk Chicken,1
b9oIiFLlpNazG5fX99WD3TqeV,"Custom Amount,Custom Amount",2
bBzsmPpTm2p3oi8vaCcdQMieV,Custom Amount,1
bDgyoayPEx8s4jPFZ34Xs4ieV,"Steak Stir-Fry,Oxtail,Chicken stir fry",3
bF0mXRhjhN1XdBMWTD82lYveV,Curry chicken,1
bFEAMXlt0FwWTaD4kJZOR8weV,Curry chicken,1
bHV2xqbAOKe67ZS1SzUz1b2eV,"Wing Meal,Jerk Chicken,BBQ Chicken,Jerk Chicken",4
bHnZsbMiTta0iP2FHPAZSsteV,Curry chicken,1
bLtZXvT2IBHhxfokH6lDWIgeV,Short Ribs,1
bTtLPkMfF14FTqvxvcsNXL8eV,Jerk Chicken,1
bV2pmFsPZuRspGdPVriOd2qeV,Custom Amount,1
bZANCtpJXU5aWllpWW5iGNweV,Custom Amount,1
bZC0bQtxPSAQyLdTqlUPsL4eV,Steak FAJITA,1
bZSaw1aRcC9BbcMcUXP3u3reV,Custom Amount,1
bZwPjDdxal3a7qy9Zc6dxwfeV,Custom Amount,1
bbXs6mSYWiYQJboDafb78PAfV,Curry chicken,1
bfbfzqUOhT5EIxFjalISBjgeV,Custom Amount,1
bfnNlxEie73AVpZgrfb0n6teV,Custom Amount,1
bhAPcBXQ2NQi27sHaui6GJneV,Salad Bar,1
bjHw94IETUZSxI0BEpuWVqueV,Custom Amount,1
bjvc9oVLoE4ItqiHB67mmRAfV,Baked Mac,1
blUkc2pXmIFV708yz13vYF2eV,Short Ribs,1
bloquSsuVc9BjN5ErbZXk5seV,BBQ Chicken,1
bnx49Xy4ptm1CbZFmxWhY8weV,Custom Amount,1
br69eLapXYszJg78cIFuNcyeV,Custom Amount,1
btSBafwEgGqxfuAfLEeZDZ0eV,Custom Amount,1
btw2js7nwWXRQpXVDDixwLkeV,"Wings,Custom Amount",2
bvUNMbZKDMGHn3pKdMGwghieV,Custom Amount,1
bxAPiPb78XKOu4pXqr8i8C4eV,Wing Meal,1
bxMVCbZVpOJ8V6S1QKknJoveV,"4 Item Warm Bar,Oreo Cheesecake Brownie",2
d08yppOWSVzPIKGPNpq5DEpeV,Custom Amount,1
d0boqCFnnAZ3fgnGiblTRzjeV,Chicken Fajitas,1
d60L8hJZFBLSQxRLqLdetCAfV,Custom Amount,1
d8NnigDz9Ql3bjAVQ2LKZQheV,4 Item Warm Bar,1
d8VBhaDjJsoH7bAKBxEdsr9eV,Custom Amount,1
d8tZneVHnmBDQt24SI3dRI9eV,Grilled Chicken Salad,1
dCkvd6HMf7Zz2zfxHDqkJkweV,"Custom Amount,'Nana Pudding",2
dCtBcSnNYX85cAZNNCAeUzheV,Custom Amount,1
dEB1P9Fmx3ab0QqDeTbgn4reV,"Jerk Chicken,BBQ Chicken",2
dGUs4ePs6EZDkzGHMrG5pL0eV,Custom Amount,1
dKGu1AAxujFqUk2Yv3JcMfxeV,Jerk Chicken,1
dKQtQHE9d0CSUtrr3u2wqAseV,Chicken Fajitas,1
dMfWlHZlhy6g5xFzyFNNxf6eV,"Custom Amount,Rice",2
dQ9eGDmtc0iFxBREMHRgp1jeV,Wings,1
dQxomLWwTsT9DxOStwrWbkveV,Custom Amount,1
dSI7qRNDWkFET7iH5LuT1B2eV,Custom Amount,1
dUXO8vVCWwgRty7fHcRMoA3eV,Curry chicken,1
da6mU5lrAAxwgqH3qRadenweV,"Curry chicken,Grilled Wings,Whole Pan Veggie White Rice",3
da8tHvE1oN0kzDBajqemO43eV,Custom Amount,1
dc7iKH8f7Wq4cTMc7N8enW4eV,Chicken Fajitas,1
diM3lVchiIkwqHxtzmKktEfeV,BBQ Chicken,1
dm0cOzl0p4v0SHdgrsisyS9eV,"BBQ Chicken,Custom Amount",2
dm82TKAjxD3MAqqAg2vKoegeV,BBQ Chicken,1
dmMq1e31boDy4MvaomiN2iueV,Wings,1
do14GAnoA9RfJvAgLUVUrxkeV,Wings,1
doVGftxVN3Zy3OiKrbFcvLleV,Stew Beef,1
dq0pDudTVPbVUmkfmTlRThqeV,Curry chicken,1
dqEJlrehTuBQReyPLuTbYd5eV,Wings,1
dqmyf6OziyW2wTjpTUZrjSqeV,Custom Amount,1
ds7yMbSkhZVeBiNt2hnuz4seV,Short Ribs,1
du2P6e8lfBwm62igIisE7JreV,BBQ Chicken,1
dugKdOYXGjapAjrSLeJKPlqeV,Custom Amount,1
f1Zb2rIhkMOWb2nA7e6qeyveV,Custom Amount,1
f1xhzHaZTr4BwuQTM5ycpxreV,Jerk Chicken,1
f5XtQNna7QFVWWFDmuptbR9eV,Oxtail,1
f7UJBmtup7bE63QMOCbQ6kAfV,"4 item Hot Bar,Refreshment Package",2
f91PQUBWRkONwAxLZrojWAkeV,Wings,1
f9p3fCwbGms4oFSULSftfuoeV,Jerk Chicken,1
fBJcM7c4HreqnOgHkVv0m76eV,Curry chicken,1
fBvHmmM1jI1zwlmTEeELypveV,"Custom Amount,Jerk Chicken",2
fF00OVvrhjioVibxOz8qSZmeV,Custom Amount,1
fH3D789Wj4pCrJuNHKBnuLxeV,"Oxtail,Custom Amount",2
fHoOKnHj4ME9tYKS8ZHXejkeV,"Tilapia,Banana Pudding",2
fHoaQjtHGp4nOELiwM2zTqjeV,Custom Amount,1
fJ3tShXt8piMalsqCmRFO1ieV,Jerk Chicken,1
fJNyHnkhg1zYhLJIP81GYv8eV,Custom Amount,1
fJpYlA05QI4RiF4T2DqUgB2eV,Wings,1
fJzHWMZKGUIsc81KalgUPuzeV,Chicken Fajitas,1
fNDieXfajBwxPyyhHCXYhMyeV,Custom Amount,1
fNbEdHukxYqHfodRZnMErZqeV,Curry chicken,1
fPwOruyfOLFeOn2vhA8sLY4eV,"Chicken Fajitas,Custom Amount",2
fTAXcwxoB9CvEBfjXpeP7AzeV,Chicken Fajitas,1
fV1Z4GC77oOfs8aHJUUCiX5eV,Curry chicken,1
fVZNFwOiSvqoK6VQ7Qz23VzeV,Chicken Fajitas,1
fVbetsmVGrzkkB8iZ1Zpee5eV,Jerk Chicken,1
fVrybEOuNHQ2d5HWmRwizp8eV,Custom Amount,1
fX447UAC70R8GNUrtfQaKgzeV,Custom Amount,1
fZH5iPZ4dsCLGJBAkJxh6H0eV,Custom Amount,1
fZLxhfWrnpscAo7nMohsFhyeV,"Custom Amount,Custom Amount",2
fZpcx6VCDGb2CCzeI4iDo27eV,Wing Meal,1
fZpmMlTvKBCZX4sfqM26uUmeV,"Curry chicken,Short Ribs",2
ffwcsQtXeFrxAhAYP89ELgreV,"Oxtail,Custom Amount,Jerk Chicken",3
fjCkESUvji2JGD4nQaAObcjeV,Jerk Chicken,1
flTEo6EDzk3n53nGGI2sghAfV,"Jerk Chicken,Curry Chicken",2
flviSTATrMgmu7kSoB7lkG7eV,Custom Amount,1
fnMGvOFsSn3JSPNCrT7Dl85eV,Custom Amount,1
fpB4tbZwVn5xpRESSr66axoeV,Custom Amount,1
fruyvLfIBEQAOqU35KEJXC1eV,"BBQ Chicken,Jerk Chicken",2
ftrwh2yEnAsd0LakEK9qPhheV,Chicken Fajitas,1
ftxv7ePy7GrdIUdAiTH0bMjeV,Wings,1
fvmfsNxHYITuvLq4yoI138neV,Custom Amount,1
fx8fpU6pfPRi7e0NCes1WAoeV,Custom Amount,1
fxdKSgvUAAwDAPbuF68Wrk6eV,Custom Amount,1
fzIVnzKnSqHppRJtB7CDvPheV,Custom Amount,1
h42fPEuvdZgrCdqIkKqd3MAfV,Custom Amount,1
h4K7oECdh6edCdvqtYxgicyeV,Custom Amount,1
h6nDz7GUEk0SFvNlfKg0zG1eV,"Short Ribs,Curry chicken",2
h6peYZLoYO47wbXdieHkHL1eV,"Refreshment Package,Salad Bar,Chicken Fajitas,Custom Amount",4
h8Ocq3968t9qNHFmW8O7qk4eV,"BBQ Chicken,Custom Amount",2
h8QdMGIuAQ3iGDLWVKIwbqteV,Chicken Fajitas,1
hA6RIur2MOMtOb9HTsyLTi2eV,Chicken Fajitas,1
hAytODUY0DPGNJH6Z1oqkg5eV,Short Ribs,1
hCJuxTOnnoGYNpyTZs7j8g9eV,Chicken Fajitas,1
hGDUSJGDEvWrQvxzyv0fto8eV,BBQ Chicken,1
hGzqz0Pj7f5OzKJKBHcLAcleV,"Custom Amount,Custom Amount,Custom Amount",3
hOtTOiHa53OX0Cem8kAP580eV,Short Ribs,1
hS1c9m6w9Bajug7vNfUDaTxeV,Custom Amount,1
hSTfV58K4vj0beVbYgdbsQneV,Custom Amount,1
hSpcwkhMmZcyHPFAQVq3nnjeV,"Custom Amount,BBQ Chicken",2
hUu41wRVfoUX1tM1YiJL5j8eV,4 item Hot Bar,1
haHvfMuQHlin6FMONOGsRAgeV,"Salad Bar,Cold Cut Catering,Warm Buffet,Shrimp and veggie stirfry,Chicken Fajitas,Side Salad Bowl",6
hceWH5ihQYnQcmc0wonj3aseV,Short Ribs,1
hcojtc71xKflrNEDecFVz2peV,"Custom Amount,Custom Amount",2
hgwKRFvZSSTfr5Y1BcQGfQheV,Curry chicken,1
hiR8oQRp4JtSvnKDpaPltjAfV,Custom Amount,1
hkWmUk5oD3RSoMWlwHB2aK1eV,Custom Amount,1
hmZJHbkVBIyqDJ2pwWk5tA0eV,Custom Amount,1
how0Pd3QAI2nA4OF3viWHLjeV,Chicken Fajitas,1
hu7CK89jK6EYeYt0oP8hg1yeV,Custom Amount,1
hw5IWi819bQZDIp79f70AD2eV,BBQ Wings,1
hwrBKWl7aKEr2QYbQjx7NWfeV,"JP Ribs,Custom Amount",2
hwuZh8H4RFPeNiiaRws6vWqeV,BBQ Chicken,1
j1kvb4FeU1mJBIg0X4kREhneV,"Baked Mac,'Nana Pudding",2
j3Rva5hsnUdRoICasrirvbreV,BBQ Chicken,1
j7V0GcaZjpAxFucwvFsDWUyeV,"Curry chicken,Authentic Mango Punch",2
jFMxQuv0IKtynTKVBLcqWEveV,Jerk Chicken,1
jJGRC8uWMyv3fpFvy7tUKO5eV,Custom Amount,1
jNYx4dq9PwaW0u3aqPr27vveV,BBQ Chicken,1
jPzIn6ikn3WjBEi5F9QnglveV,Custom Amount,1
jTbTlnooQRxFPslCZs9CmoieV,Wings,1
jV7CBtGEH12xGP0fjarhTvleV,Custom Amount,1
jVqyhBNX8b6ciR1Q424hSljeV,Tilapia,1
jVsp2c0bFCYY4RJ99XViZc7eV,"Custom Amount,Custom Amount",2
jXHuk9GnOpPRY97mhCKVXfseV,Wing Meal,1
jXjQUYQewdC8LDXzHbhDh7veV,Baked Mac,1
jZxsrgNbFXYF9W9LNK9IM44eV,"Baked Mac,Rice,Oxtail",3
jdW6nN2m76y24hxdVTQNP4ueV,Custom Amount,1
jf5t0FjrjDOSgsczFIsaSt9eV,Jerk Chicken,1
jfNfgv0qta7zTIlnuSQWTVxeV,Short Ribs,1
jhMgFnjrg3H3iNyqv1Lwn5neV,Curry chicken,1
jhQQqOdg8oISLTTbab8G4T8eV,"Curry chicken,Chicken Fajitas,Custom Amount",3
jj3BPjgmzLpRT70lNelXI5teV,Custom Amount,1
jjLXLWY2VwFKJCQrt7koax0eV,Custom Amount,1
jjLzbFtpjEwWdbx4aWjvoGqeV,"Curry chicken,Chicken Fajitas",2
jlI9LEc1rlkLow0SggTCeJjeV,Custom Amount,1
jlorWKe8DxImHJgYx6BSezeeV,Custom Amount,1
jlvgxRhE9Z5hv5m6heIFlgteV,Custom Amount,1
jnCdLxl5Vd8P3IkK7zF2IHleV,"Custom Amount,Custom Amount,Custom Amount,Custom Amount",4
jnZNTUPgecbC2i5rG6etTOveV,Custom Amount,1
jnlpMjBjaicbeG5zPuVtHj5eV,Custom Amount,1
jnvGYPLbAZAv5X24G5yNR0AfV,Chicken Fajitas,1
jt07YwsxHu356tYb70N4je3eV,"4 Item Warm Bar,Refreshment Package",2
jv11N6t3E15j1alpXMqEEwkeV,"Jerk Chicken,Chicken Fajitas",2
jvziqvKFFE0kQifyEMLN74reV,Custom Amount,1
jxRGvarxVoEyuNTWU8VqH80eV,Custom Amount,1
l0DXF5vuKxv7zXkvRFgluYfeV,"Custom Amount,Custom Amount,Curry chicken",3
l4FvptvwVxcM68ZKHugxF2teV,"Refreshment Package,4 item Hot Bar",2
l4fCA3lb8Fpn0dX0UJX8sKseV,Oxtail,1
l4hTwpa86FNegWU9oF1Vf16eV,Custom Amount,1
l646CLOLKvzYfPDSniumm1yeV,Custom Amount,1
l6iNRj6BSChMBvYe4rSDzTkeV,Custom Amount,1
l856qtZmxMlUnTcyAuExew6eV,Custom Amount,1
l8BoBinUE0OGmFWpLw1FV23eV,"Salad Bar,Warm Buffet,Build your own Sub,Salad Bar",4
l8DdNLfGkLxzPHs0RNjpNf3eV,Custom Amount,1
lA9Tu3COKoL6zaPBFFarx79eV,"Custom Amount,Custom Amount",2
lCAI0lkOdhzkK7PagWRD9fkeV,Custom Amount,1
lCkyGe7OodIVpBLr25IyzC1eV,Jerk Chicken,1
lKM4W7C7GoGAaMMmfYsEGr4eV,Custom Amount,1
lQHgOCnnFAn55t6UGnDcx8oeV,Chicken Fajitas,1
lWq21spbr9dsQeyVKbdebQ9eV,Custom Amount,1
lWu2yPVKYjt5mQGSamPYbMxeV,Custom Amount,1
la4i2xEB6YpUXwlSPSSBQs6eV,BBQ Chicken,1
lcZikcaxQoVsme4nDisiCPzeV,BBQ Chicken,1
le60fPvh8UcDC1pzhd5dNsheV,Jerk Chicken,1
leaC6ZngA7kXIATfpt3BEeyeV,Custom Amount,1
liU2AiXf5meiOztdp58b59meV,Chicken Fajitas,1
liqTntNLUz28sdz5Rb1Bs23eV,"Jerk Chicken,Custom Amount",2
lk1yeKbPzIij0NiV3YpWfveeV,BBQ Chicken,1
lmwxpROrKKkbEhmuDGLowdleV,Wing Meal,1
lo9vv8vpOBRuJuPpaEMl5v7eV,"Pineapple Passion,Curry chicken,Banana Pudding",3
lovUl49zSpfF4HUX0k8ECrqeV,Custom Amount,1
lsNWVvTPWBr3bCO4ehU4BrveV,"4 Item Warm Bar,Refreshment Package",2
lycychfzP4mxpb0abl8TPJteV,Jerk Chicken,1
n1Cg2bIm1LkSQX0D3g3yKdxeV,Custom Amount,1
n30F0h132qbpXE5l6wvnoV6eV,Curry chicken,1
n38nBo1vBMBxlAles0blzNjeV,"4 item Hot Bar,6 item Hot bar,Chocolate Covered Strawberries,Coffee and Tea,Set-up Kit,Strawberrie Cut Pudding,Travel",7
n3iKlMiC8ZQIm5ro6rxwGiheV,Short Ribs,1
n5jSxwUsB7DPJ1IYfZZaSqpeV,Custom Amount,1
n9Fiz1yI46ICsCwLxYhGb8neV,Jerk Chicken,1
n9pETndoyUt0z6iUXhUHxgfeV,Custom Amount,1
n9tW31lqpL8UeW9ch9Q5owmeV,Curry chicken,1
nBB5gbljVUptRIMz1Py03lkeV,Custom Amount,1
nD0QPTJ02vXBMfs0p8OA5OseV,BBQ Chicken,1
nDwkwQuasY1Rib35q4SQWNneV,"Wings,Custom Amount",2
nFlERT8frTxe7k18vFzaEIjeV,"Jerk Chicken,Short Ribs,Custom Amount",3
nFnBnz63RVn8DjcDE4Qw075eV,"Custom Amount,Custom Amount,Custom Amount,Custom Amount",4
nFpga3F8wR3FRkOaQe7fy7jeV,"BBQ Chicken,Custom Amount",2
nLKhPbmAcpT3A6uOCi3MJ6yeV,Chicken Fajitas,1
nRBLTdEnhwgRpeainETXqzAfV,BBQ Chicken,1
nRFra7zyJ3EyPw23L65O33teV,Jerk Chicken,1
nRJzN7FDsuP1731xThfpEbxeV,Custom Amount,1
nRTwXY81lArVCG3KU8OS9mreV,Custom Amount,1
nT0k9CcId4rF9AcnuFx9mumeV,BBQ Chicken,1
nVfFzGUIB5XG49U7wfJM4bueV,Jerk Chicken,1
nX8TR7rpPjHVKX5peWva5g2eV,Wings,1
nZP4p6yTE24QnR6eTboTYB2eV,"Custom Amount,Custom Amount",2
nbEsOC6vTOukP9S6Ji2jhGneV,Custom Amount,1
nbShNQVOMWIF7dA9Ac2tLcmeV,Curry chicken,1
nf6g1zmKvZ5I29EyymCKozueV,Custom Amount,1
nfeCB9E5LSxoubV5cihcflreV,Custom Amount,1
nhRN4aBjNVpbxFW0WwM1qyseV,BBQ Chicken,1
nj6nL2jwu0ggI8J2jMLXOu5eV,Custom Amount,1
njOD6NNAzEhnIQwQN5He1Q7eV,Custom Amount,1
njV8H8anIRjtNd2UoGIPl4reV,Custom Amount,1
nxKbnuYsjngof3b3Wo3VWp4eV,Custom Amount,1
nxd1lDNaJhnb08sMdjqoPGmeV,Custom Amount,1
p0AOzSXsbBX5PWX79Fpg1E6eV,Grilled Chicken Salad,1
p40pMo0w5nNO5xmiHG2eFwfeV,Custom Amount,1
p4gDkL0WInVUCA9B23bnjXjeV,"Beef Combination,Chicken Fajitas,Custom Amount,Seared Blackened Chicken Breast,Delivery Fee",5
p6RzWiQOvBceadQAXG3qlsueV,Jerk Chicken,1
p6bqjkQCPeYRi6Grwsxqg4ieV,Wings,1
p8yzsFsg8XaN42ZBxLE2wOoeV,Curry chicken,1
pAIh2dqxqZ3Eqz5v5XvzwNgeV,Custom Amount,1
pAWGVlkebzyvFUbcawuypkreV,"Grilled Chicken Salad,Wings",2
pAaC2tDWulFfIdZ1r6WnlUgeV,BBQ Chicken,1
pEeZjibrvEMGFDUIYrDbR84eV,4 item Hot Bar,1
pEjhIfBTAWWxHZ5v7d3z5C1eV,Custom Amount,1
pG14lEEhqQvYhhgXUzDWfGAfV,"Jerk Chicken,Short Ribs,Chicken Fajitas,Curry chicken,BBQ Chicken,Jerk Chicken",6
pIILoTCxbdPpUA89biFSZhweV,Chicken Fajitas,1
pKLmLgVZg7JOz26eeqzKc85eV,Jerk Chicken,1
pKVvPT2zm7fHm5beEY4G9g7eV,Banana Pudding,1
pM8cisfllfGtmyyBkiLkP90eV,Custom Amount,1
pODxDiYQ2TIFLD2UFL1MsUieV,Custom Amount,1
pOx8nd3iDS0Ls6CD4VlFXK4eV,Short Ribs,1
pQUv4Hus6RTudUOY9zDwb6neV,Short Ribs,1
pUSb9uCWdixiJmWho5vI7kjeV,Short Ribs,1
pUqJmADJ5hAHuwT1gjUTjvleV,Custom Amount,1
pWF2SUEHRPnFqC8uqrWyNiyeV,Chicken Fajitas,1
pWHRdpZsWsdVrIBnvG0qdk1eV,Jerk Chicken,1
pWP7gRP1TDvBVhFpEoFWpCheV,Custom Amount,1
pWvFzm8VxNF2mbEqxW3L0R0eV,Curry chicken,1
pa8OZel0W2QVyHHfaHYhFwweV,Custom Amount,1
pcAUFNWJkzwJEbXQ21nHuu1eV,Custom Amount,1
pcM4U1qT1xK5eLd68gYgZ9geV,BBQ Chicken,1
pcQyAR4n8Kn9woENNBFkAM5eV,Curry chicken,1
pcWlec0zdbl7sq2NZcK8GpxeV,Custom Amount,1
pckAUMPyygTxkP8YAYzRRs7eV,Custom Amount,1
pcsEWPwiI9EdpccazQwmVjqeV,BBQ Chicken,1
peVUgFu8t1ShLXewvpBS2umeV,Custom Amount,1
pgchHsD6fY0KmjWvaeDhPp2eV,"Jerk Chicken,Short Ribs,BBQ Chicken,Authentic Mango Punch,Curry chicken",5
pgeGlwQnH6efgyOy3atuqt3eV,"Jerk Chicken,Custom Amount",2
pgmS9I3XDgvmwO7VnIC5wpmeV,"Chicken Fajitas,Chicken Fajitas",2
pgw7rg09f0uzapH537VNYkheV,Chicken Fajitas,1
pkY0A5YhgJ8rweYDYD1ZsW7eV,Custom Amount,1
pkqj1OUgQXHxiwbbOlvJDTxeV,Jerk Chicken,1
pmFEvQ3mitQzonTQL4ZpcaleV,Jerk Chicken,1
pmTFc0jdTlwGdqVBfIOArRmeV,Curry chicken,1
pmZAO7txB7WxBawWQx9GadoeV,BBQ Chicken,1
poU5aMiQcgis2xGhzqGoalfeV,Jerk Chicken,1
pomQ3fqAKqJNsmlXmPtwQLseV,"Oxtail,Custom Amount",2
poygOizmSimTU5KcMyV4qm3eV,Chicken Fajitas,1
pqvs7ZR1lLKZKD3UNoKu89keV,"Short Ribs,Custom Amount",2
ps8Qwy8qYhCNbPFRU2M7JDmeV,Curry chicken,1
psIsRfxMxDpFSkMzUtrnfq0eV,Custom Amount,1
purTU5WSqDlFIi9T9ESKLCgeV,"BBQ Chicken,Chicken Fajitas",2
pwYdiNzb8vGYzoJI7CsTsXpeV,Custom Amount,1
pwfMiqXRPPoaHCEWryqb71feV,"Oxtail,Custom Amount",2
pyVBnObwekpmPDoJPBTK1lfeV,Wings,1
r1KTpt8baYxg5K8VYGHHHQ0eV,Steak FAJITA,1
r1cKS4dfp3UfIyO6NzjzbjteV,Seared Blackened Chicken Breast,1
r3LnVolKR6WK7KStKI2VUk6eV,"Custom Amount,Custom Amount",2
r9UQg41iGk3zFQ60RHI2l70eV,Jerk Chicken,1
rBPeZAlxdHco0zgpSPY14BseV,Custom Amount,1
rDrIpTqU35J1dgql4s1xfjjeV,Custom Amount,1
rJC2BKGAzCP9stvCv0hGTMseV,4 Item Warm Bar,1
rJMD7LjZ8HfhaKpEVakOl0heV,Chicken Fajitas,1
rJoBxmjsfv1MCXLosnw9jl6eV,"Wings,Chicken Fajitas",2
rJygIfTxLWudD3zY006b54keV,Chicken Fajitas,1
rLZN7QkljMGqGuQWkrFnnikeV,"Salad Bar,Refreshment Package",2
rP3JaqPfl9yIR5alp7otvv3eV,BBQ Chicken,1
rP3h620v0nnd6ZfT70dvRmmeV,Chicken Fajitas,1
rRoBo5RNL24JQHmXPxEuI23eV,"Jerk Chicken,Banana Pudding",2
rVMaMfYvKwLkkKCS0i64u3jeV,Curry chicken,1
rXCGNR7mCPfLzjO1JbUlFK2eV,"Oxtail,BBQ Wings,Veggie Plate,Custom Amount,Rice",5
rZgfoIbsxB8iTn3ebLM9Ut4eV,Custom Amount,1
rbHM7tkrdtaBoPjPiyTGXIieV,Custom Amount,1
rbNtgoWWh4ZRpt2XNasf9ZseV,"Bun and Cheese,Caprise Salad,Chocolate Covered Strawberries,Custom Breakfast Buffet,Pan Grilled Wings,Patties (Beef),Refreshment Package,Set up Fee",8
rd8SXmBvLZTdMsVlV6JCyrAfV,Custom Amount,1
rd98K9Z94HUhdtYoFsUPJYkeV,Custom Amount,1
rfPxUbthJiswenExc1Fasa5eV,Custom Amount,1
rh0tDeynSxNcuUlZuI83Gf0eV,Custom Amount,1
rndoZL2Vh0s2dvM2Zds6lZqeV,Custom Amount,1
rpS25uKQP6AdPOhadvrkacveV,"'Nana Pudding,Jerk Chicken",2
rrBpxvsDugAB9RujdratEh7eV,Short Ribs,1
rrdBcSIfRsq7jdqGJrURC0leV,Chicken Fajitas,1
rvh0RsazGYSOooctkT9kQR1eV,"Jerk Chicken,Custom Amount",2
rxeYa1r9DQUoOUJq9QZtNmneV,Wing Meal,1
rz5RwRVAR9lFopnom9NIUBleV,Chicken Fajitas,1
t0roVKj2rtHeMRaz5iCHOw8eV,BBQ Chicken,1
t0tvmrA2a6ZCgEJcGNSkdrreV,Custom Amount,1
t2yVgdXh6SZR4x6lInj6SLteV,Jerk Chicken,1
t4BMiGJ6bJddXydneVX7xUheV,Chicken Fajitas,1
t4dwLBhJggHvh3SQued6lDteV,"Salad Bar,Custom Amount",2
t6ZHIB1YGZSLQDwl06f7Vk2eV,Custom Amount,1
t8nEB8XpCuuGKB1v9A2Wal6eV,Custom Amount,1
tC4jJASlMM5EqJt3GPxMDZieV,Chicken Fajitas,1
tE5rH1iqmGkdVJo2OHYAp3peV,Jerk Chicken,1
tG6pOvh538CFIilUh95QmKueV,"Oxtail,Curry chicken,Custom Amount",3
tGCNCxfyBsSspkPCX29fqZweV,Tilapia,1
tGGJTbB5UMRz6w6igPpmgFteV,Custom Amount,1
tGYiDNeeOq41k9I7ujgSZ00eV,Jerk Chicken,1
tK4PIIAnaPBcpJqzjyRrWkteV,"Custom Amount,Custom Amount,Custom Amount",3
tKG4NCCEe0Ts06l2P8c1cupeV,Short Ribs,1
tKKkUxr9nzr7vejoZJBHHOieV,Custom Amount,1
tKqUwr74D6FaKljmJtUGixoeV,Stew Beef,1
tMrS1K3u7fCPvBSvUmKqmu5eV,Custom Amount,1
tOCh1z4L3wAuP1MZHoKoItgeV,Custom Amount,1
tQdk4x3dJseNxpHSgaCYMw7eV,"Custom Amount,Custom Amount",2
tQl4wFrqcRau3tUho7YyF0peV,Wing Meal,1
tSQvxRdNEHKTDdjjBIfePa2eV,BBQ Chicken,1
tUXA8HphNGPkSA8mECMUKn2eV,Curry chicken,1
tUjUdgxGXiDD8bea2aH3yzyeV,Custom Amount,1
tWevEwD79tSbSZodGwCRUl7eV,Short Ribs,1
ta7AAfghwY8z4Vg4mlKaITseV,Custom Amount,1
tamU98Hj5P22RUrqYJt4PbleV,"Curry chicken,Custom Amount",2
tcfmSjSXp826NfKFARNyf7eeV,Chicken Fajitas,1
tcxbobco3E8801iETJrkkyieV,Custom Amount,1
tesOREBnhwO2uWsJEqqZ3pyeV,Steak FAJITA,1
tgxsRbEukLMWDKalbD9r4kueV,Jerk Chicken,1
tiAXlOlLz8M5UP4i7KKHeMkeV,Chicken Fajitas,1
tiId85pZhDDJsp0B3gmTsVyeV,BBQ Chicken,1
ticJfgcZG3nHT4CWZn5GoSmeV,"4 item Hot Bar,Refreshment Package,Pan BBQ Chicken",3
tieE63O4lE0Is0MgIHgdDqAfV,Jerk Chicken,1
tkiXlwOx3TsJpYdOR5fMQN1eV,Custom Amount,1
tmKROZ52rX44BKaf9H3wv7heV,Curry chicken,1
tmZAKHQPplZ9ATCv8GwIsEqeV,"1/2 Dozen of Chocolate Covered Strawberries,6 item Hot bar,oxtail",3
toay5wjEx3a5R2Io3CLhBL0eV,Custom Amount,1
tq0VUWocippHyx7mUQI7e10eV,"Jerk Chicken,Short Ribs",2
tqsNYtSwuMXckMmvRWXSK5jeV,Custom Amount,1
tqsr9iFTyCU4ZbemFzmSgzAfV,"Custom Amount,Custom Amount",2
tu4MPU7GWmWHzk5E2fNfh53eV,Custom Amount,1
tuoYvJCZJFGKhW3jCer9fxweV,Short Ribs,1
twHrh5aaj4JVaoGmG3zRfa0eV,"Baked Mac,Cabbage,Rice,Warm Buffet",4
twLLGY0o4Oe7RlTKmXm9SjneV,Mahi Mahi,1
twjLmBfUoT5o3YDYjZBQ90AfV,Custom Amount,1
tyMvSDLBZqVKYEYfcldixIxeV,Chicken Fajitas,1
tyaWoeJQp9yHHvWK5u1SbngeV,Grilled Chicken Salad,1
tygZmHCQRJ8XuTbulwJhdL3eV,Custom Amount,1
tyn8WxZ59L1tknKRjsTApzjeV,Custom Amount,1
v1bQ9wJ6ziIhIcjhalXbbymeV,Jerk Chicken,1
v3TtiMehyXKOZ8mSKD7uApheV,Custom Amount,1
v5dsfYOfHtSAeh22a1EKs3peV,Chicken Fajitas,1
vBDD0fd6ObYUBrRHdgCOJ6weV,Curry chicken,1
vDJZQgPuYcWUSfEiVrQWTNreV,Oxtail,1
vDkNzquFX7y2GcQSlQ4iXOneV,Custom Amount,1
vDySQPF9XnMrXGNLpIup8MseV,Jerk Chicken,1
vFhZEfk1k3rOjJ3jujk9rR0eV,Custom Amount,1
vJztOjltXuoXcUgzzNqMDWmeV,Custom Amount,1
vLBpZReJGMdjN7RouieLzG4eV,Custom Amount,1
vNNNUvIvRQpcQ8rlWE3pWvieV,Custom Amount,1
vVljeXnx9xLFsMrcQ4oKRC0eV,BBQ Chicken,1
vXkABbCJDZLrC89t1LLqlmueV,Custom Amount,1
vZ5az4mYDakvztO9O33uyQxeV,Wing Meal,1
vbmMJSfGgcdmq71P8CYwMTqeV,"Chicken Fajitas,BBQ Chicken",2
vdLUsK7wYwLN3JKZxM4jzyxeV,Custom Amount,1
vfkGbAbfZgh2S3YRRtXyHxreV,Wing Meal,1
vfoSKppnSRcbBldkMIhxjPneV,Jerk Chicken,1
vhPxkHln6UR2i13WLOfxC23eV,Custom Amount,1
vhpWqwZYkgYFc61usImN9bteV,"4 item Hot Bar,Refreshment Package",2
vnoIStCqjKODIOfuSMYGr7yeV,Custom Amount,1
vr6eZdkpjKtl6bkzaVG38yoeV,Wings,1
vtdhAYa6PlqIFC6fbvuYfs3eV,Custom Amount,1
vxtEC4JiQRKt7Okaq7paBG0eV,Chicken Fajitas,1
vz4TlbpWeHTZGssHqOJtQyweV,Jerk Chicken,1
vzcNhlu3nmOg4YRFCjviFq6eV,"Curry chicken,Jerk Chicken,Jerk Chicken,Chicken Fajitas,Chicken Fajitas",5
vzia4eGLCLhZwSQXCn8EE5yeV,Curry chicken,1
x08vg0n9WVpoIxPAZzSSeuweV,Curry chicken,1
x2HA4V1RynKX3JThW7JlLnfeV,Custom Amount,1
x4XNnbZmedvaCnBcpsx5AizeV,Custom Amount,1
x6t4fhwm1czG2K1Rnyf9WfzeV,Wing Meal,1
x84dpOKgv4HzVKkKFDxogZieV,Chicken Fajitas,1
x8INZQgq0CppesEWU5I86lseV,Curry chicken,1
x8vkbaR4svdwEvIMpuPKip0eV,Custom Amount,1
xAat7b2WJQoBTjVj5EsyBajeV,"4 Item Warm Bar,Refreshment Package",2
xEKeeyG5lBCKT5i3TduDth7eV,Custom Amount,1
xEwLHoIGLYrN3B5fgVrrJJjeV,"Chicken combinations,Home Squeezed Lemonade,Banana Pudding",3
xGHoGr2YG2C5E2DJ1rUWH0feV,Custom Amount,1
xGJBuBAf9qiWDGcneKolTE1eV,"Custom Amount,Custom Amount",2
xGRlIIhBGc06QKvKD72nH43eV,Jerk Chicken,1
xIAMkkO6eykEQpcWi05odh4eV,Custom Amount,1
xIlOgKe7OaSVNuQz55ADkCleV,Custom Amount,1
xIuHMhdZPc2SrfxrtoKXFB6eV,Jerk Chicken,1
xK6Y840Zwj7ErqX3SCHw6ileV,Custom Amount,1
xKnVvedoRhsvh9xVsiQBTifeV,BBQ Chicken,1
xKrp8sfuNfpOfPT5c4o0HzieV,"Jerk Chicken,Pineapple Passion",2
xMYToNbtljDosq1bnWxOX8seV,Custom Amount,1
xQduB5w0Vwa43jiUaN9qnXyeV,Custom Amount,1
xS18IQAeoVl6qaZpzLvgs5keV,"Curry chicken,Jerk Chicken,Plantain",3
xU03yK8qlf90sBiUc1r07w4eV,Jerk Chicken,1
xUELCZBGGvlfpFy94Yc0QXieV,Wings,1
xUUPcPBiniOoqlKcp1RDctxeV,"Tilapia,Banana Pudding",2
xWRNuMFM8MekDQpLDJgfAdseV,4 Item Warm Bar,1
xWriiAxzLATtCCMBwuug8hqeV,BBQ Chicken,1
xYe53dGyKYdCUcL0FxmviCpeV,Custom Amount,1
xaREUFdBTAbv8Hz9hso2S8peV,Jerk Chicken,1
xalQRFyrngKUNplERwuKVa4eV,Jerk Chicken,1
xcKEYC552tjFwKSumGbuPgyeV,Chicken Fajitas,1
xeBBtA1raztKmTYCCgnNA31eV,Custom Amount,1
xeBPCPb4uZSFjxOVO5r8FFseV,Jerk Chicken,1
xgQOKPgtcd7jd5EfnbHg2b8eV,"BBQ Chicken,Jerk Chicken,Lemon Cilantro Chicken",3
xguxeIizmnE0ypcOfhoJGNzeV,BBQ Chicken,1
xidUw0HzAQq4FssgLzl3qNAfV,Jerk Chicken,1
xilyb7zt36LJWtLB7BhEx78eV,Custom Amount,1
xkKGoZdrK4nf7d7UgfQLuZxeV,BBQ Chicken,1
xkYb7bt6eLOyV4qukeZZSRueV,Custom Amount,1
xkkBx0iRfkM2NqDy65D3IT0eV,Jerk Chicken,1
xkmqRUTNNv6z6WtyejhD4freV,Custom Amount,1
xow0A2F1hJKyD5t6kZQRHwmeV,Chicken Fajitas,1
xqrrbPArOkad0qp92AECDDheV,BBQ Chicken,1
xsUTRv1sEBXKynHs9sMQm2oeV,BBQ Chicken,1
xwOBIYgLj0ozNs4jiTolRZteV,Wing Meal,1
xyR6idfux0KX6czaGRJ3DKneV,Short Ribs,1
xyX9g8p91bpwfDpad8u0XH7eV,"BBQ Chicken,Rice",2
xyrbwlKCsDayGWoyUDOx1fqeV,Jerk Chicken,1
z1qofFHTCDOoP2Fp1umUacteV,Short Ribs,1
z5aXnhqjAYM1rkADbxSFKtheV,Jerk Chicken,1
z5wO9j7l4Y3Hq0kRmHMmQSneV,Jerk Chicken,1
z7bXJWQWBUp7jvRL64IR6r0eV,Chicken Fajitas,1
z7t2Sx68OyY7Ts8Pyo3WfHqeV,Chicken Fajitas,1
zDvlaxKN80XN6GlZsRP22opeV,'Nana Pudding,1
zHhz7uv5wzh06YBVLKhd53feV,Jerk Chicken,1
zHr8dK1ppkMcQsDG9eSRtsweV,"Oxtail,Custom Amount",2
zJJGNThkoAaUaKNlDl8zZ54eV,Custom Amount,1
zJeZlRtnRKFKv1iZ7llUHTueV,Custom Amount,1
zL54alytW1udX4AEnjEL0EAfV,Jerk Chicken,1
zL712g0HbR7U8jBgdv49PX0eV,Custom Amount,1
zLFgPrchViwWB3TS6ltTHwveV,Jerk Chicken,1
zLlC8LbhhH2URv20XDYty9zeV,Custom Amount,1
zPbgAaWlM0w8uTIlFxZkI3teV,Short Ribs,1
zT10EKsoV5aMAid9VE0Itu3eV,Chicken Fajitas,1
zbuIzLWnd9QpjixKkmqsxskeV,Custom Amount,1
zftL1pNPOcNjCHCMNjrC6FneV,Custom Amount,1
zp82oRrv7naNS0XethEh0NfeV,Custom Amount,1
zpY4sqJDVCjVpN0NcBh95MqeV,Custom Amount,1
zr5G975UrulpJ5sCYxaXHD8eV,Custom Amount,1
zrvT6VlA9sl9EfDegLwiLEheV,Custom Amount,1
ztmAvnVu8ddFYSNUA3rnEWheV,"Jerk Chicken,Curry chicken",2
zvVPd2EXe5t0KmHKY09aXv7eV,Jerk Chicken,1
zvpdNThkyaLHdYrNRA9rIi7eV,Curry chicken,1
zxAYDeNWowtAxoJPUBzG4LpeV,Custom Amount,1
zxenBX8VyDGtV8ZkoXd2XC9eV,"Custom Amount,Jerk Chicken",2
